,ID,Vendor,Material,desc,Image,ImageNum,Image Src,found
4,43.0,Saroj Fabrics,Embroidered Georgette,Aqua Blue georgette heavy embroidery in lighter blue,https://cdn.shopify.com/s/files/1/0096/8264/9145/products/WhatsAppImage2021-05-24at10.16.35.jpg?v=1622268176,1.0,./images/ask_devi_images_4.jpg,y
6,44.0,Saroj Fabrics,Embroidered Georgette,Sage Green georgette heavy embroidery in lighter green,https://cdn.shopify.com/s/files/1/0096/8264/9145/products/WhatsAppImage2021-05-24at10.16.34.jpg?v=1622268146,1.0,./images/ask_devi_images_6.jpg,y
8,51.0,Saroj Fabrics,Embroidered Georgette,Light Aqua Blue georgette heavy embroidery in lighter blue,https://cdn.shopify.com/s/files/1/0096/8264/9145/products/WhatsAppImage2021-05-24at10.16.24.jpg?v=1622267873,1.0,./images/ask_devi_images_8.jpg,y
10,54.0,Saroj Fabrics,Embroidered Georgette,Baby Pink georgette heavy embroidery in lighter pink,https://cdn.shopify.com/s/files/1/0096/8264/9145/products/WhatsAppImage2021-05-24at10.16.22.jpg?v=1622267720,1.0,./images/ask_devi_images_10.jpg,y
12,57.0,Saroj Fabrics,Embroidered Georgette,Beige georgette  heavy embroidery in off white ,https://cdn.shopify.com/s/files/1/0096/8264/9145/products/WhatsAppImage2021-05-24at10.16.19.jpg?v=1622267649,1.0,./images/ask_devi_images_12.jpg,y
14,60.0,Saroj Fabrics,Embroidered Georgette,Taupe  georgette  heavy embroidery in off white ,https://cdn.shopify.com/s/files/1/0096/8264/9145/products/WhatsAppImage2021-05-24at10.16.14.jpg?v=1622267314,1.0,./images/ask_devi_images_14.jpg,y
16,87.0,Saroj Fabrics,Printed Satin Linen,"Gray, orange, white, brown and sea green printed Satin linen",https://cdn.shopify.com/s/files/1/0096/8264/9145/products/WhatsAppImage2021-03-27at12.39.00PM_6.jpg?v=1617095513,1.0,./images/ask_devi_images_16.jpg,y
20,116.0,Saroj Fabrics,Silk Brocade,"Plum, purple with  gold small flower brocade benarsi dupion silk",https://cdn.shopify.com/s/files/1/0096/8264/9145/products/WhatsAppImage2021-03-17at2.26.20PM_11.jpg?v=1616051888,1.0,./images/ask_devi_images_20.jpg,y
26,122.0,Saroj Fabrics,Brocade,Black with gold brocade on silk ,https://cdn.shopify.com/s/files/1/0096/8264/9145/products/WhatsAppImage2021-03-17at2.26.35PM_6.jpg?v=1616051411,1.0,./images/ask_devi_images_26.jpg,y
40,136.0,Saroj Fabrics,Brocade,Red with white silk thread brocade on silk,https://cdn.shopify.com/s/files/1/0096/8264/9145/products/WhatsAppImage2021-03-17at2.26.19PM.jpg?v=1616048144,1.0,./images/ask_devi_images_40.jpg,y
46,142.0,Saroj Fabrics,Brocade,Pinkish Red with white leaf pattern brocade on silk,https://cdn.shopify.com/s/files/1/0096/8264/9145/products/WhatsAppImage2021-03-17at2.25.43PM_12.jpg?v=1616047727,1.0,./images/ask_devi_images_46.jpg,y
48,144.0,Saroj Fabrics,Brocade,Purple with green and white leaf pattern brocade on silk,https://cdn.shopify.com/s/files/1/0096/8264/9145/products/WhatsAppImage2021-03-17at2.25.43PM_9.jpg?v=1616047578,1.0,./images/ask_devi_images_48.jpg,y
60,156.0,Saroj Fabrics,Embroidered Cotton,White embroided and cut work on cotton,https://cdn.shopify.com/s/files/1/0096/8264/9145/products/WhatsAppImage2021-03-11at5.57.37PM_26.jpg?v=1615976213,1.0,./images/ask_devi_images_60.jpg,y
110,212.0,Saroj Fabrics,Brocade,Maroon Red with gold flower and stem motif brocade silk,https://cdn.shopify.com/s/files/1/0096/8264/9145/products/WhatsAppImage2021-02-27at12.46.47PM_4.jpg?v=1615308498,1.0,./images/ask_devi_images_110.jpg,y
248,377.0,Saroj Fabrics,Embroidered Korean Silk,White with red and gold zari embroided raw silk,https://cdn.shopify.com/s/files/1/0096/8264/9145/products/WhatsAppImage2021-02-05at11.54.15AM_1.jpg?v=1612963640,1.0,./images/ask_devi_images_248.jpg,y
252,379.0,Saroj Fabrics,Embroidered Net,"White net with gold, red and green embroided  fabric",https://cdn.shopify.com/s/files/1/0096/8264/9145/products/WhatsAppImage2021-02-05at11.54.14AM_10.jpg?v=1612963426,1.0,./images/ask_devi_images_252.jpg,y
264,400.0,Saroj Fabrics,Embroidered Chinon Chiffon,White chinon with mirror embroidery ,https://cdn.shopify.com/s/files/1/0096/8264/9145/products/WhatsAppImage2021-01-25at4.54.13PM_4.jpg?v=1612844602,1.0,./images/ask_devi_images_264.jpg,y
276,451.0,Saroj Fabrics,Embroidered Georgette,Off White georgette with silver embroidery work,https://cdn.shopify.com/s/files/1/0096/8264/9145/products/WhatsAppImage2020-11-24at4.40.28PM_12.jpg?v=1606473738,1.0,./images/ask_devi_images_276.jpg,y
288,457.0,Saroj Fabrics,Embroidered Raw Silk,"Beige raw silk  with yellow,green, red, orange embroidery",https://cdn.shopify.com/s/files/1/0096/8264/9145/products/WhatsAppImage2020-11-04at15.07.09.jpg?v=1604494225,1.0,./images/ask_devi_images_288.jpg,y
300,473.0,Saroj Fabrics,Embroidered Georgette,Dark Maroon red georgette with gold sequin and embroided work,https://cdn.shopify.com/s/files/1/0096/8264/9145/products/WhatsAppImage2020-11-04at15.06.57.jpg?v=1604488927,1.0,./images/ask_devi_images_300.jpg,y
424,569.0,Saroj Fabrics,Embroidered Georgette,White gerogette with white thread and silver embroidery work,https://cdn.shopify.com/s/files/1/0096/8264/9145/products/WhatsAppImage2020-10-07at3.48.14PM_26.jpg?v=1603128913,1.0,./images/ask_devi_images_424.jpg,y
456,591.0,Saroj Fabrics,Embroidered Georgette,"White Georgette with lucknowi work in white, gold thread with gold sequin",https://cdn.shopify.com/s/files/1/0096/8264/9145/products/WhatsAppImage2020-10-07at3.48.38PM_4.jpg?v=1603125449,1.0,./images/ask_devi_images_456.jpg,y
460,593.0,Saroj Fabrics,Embroidered Georgette,"White georgette with lucknowi work with white, gold thread with gold sequin work",https://cdn.shopify.com/s/files/1/0096/8264/9145/products/WhatsAppImage2020-10-07at3.47.29PM_8.jpg?v=1603124702,1.0,./images/ask_devi_images_460.jpg,y
848,1160.0,Saroj Fabrics Online,Satin Linen Plain,Plain Old gold satin linen ,https://cdn.shopify.com/s/files/1/0096/8264/9145/products/IMG_9932.jpg?v=1544441714,1.0,./images/ask_devi_images_848.jpg,y
854,1163.0,Saroj Fabrics Online,Satin Linen Plain,Plain Dark wine red satin linen ,https://cdn.shopify.com/s/files/1/0096/8264/9145/products/IMG_9823.jpg?v=1544441615,1.0,./images/ask_devi_images_854.jpg,y
860,1166.0,Saroj Fabrics Online,Satin Linen Plain,Plain light beige neutral satin linen,https://cdn.shopify.com/s/files/1/0096/8264/9145/products/IMG_9809.jpg?v=1544441538,1.0,./images/ask_devi_images_860.jpg,y
866,1169.0,Saroj Fabrics Online,Satin Linen Plain,Plain navy blue satin linen,https://cdn.shopify.com/s/files/1/0096/8264/9145/products/IMG_9819.jpg?v=1544441358,1.0,./images/ask_devi_images_866.jpg,y
872,1172.0,Saroj Fabrics Online,Satin Linen Plain,Plain dark gray satin linen,https://cdn.shopify.com/s/files/1/0096/8264/9145/products/IMG_8857.jpg?v=1544441186,1.0,./images/ask_devi_images_872.jpg,y
876,1174.0,Saroj Fabrics Online,Satin Linen Plain,Plain bright red satin linen,https://cdn.shopify.com/s/files/1/0096/8264/9145/products/IMG_8853.jpg?v=1544440831,1.0,./images/ask_devi_images_876.jpg,y
880,1176.0,Saroj Fabrics Online,Satin Linen Plain,Plain dark tan neutral satin linen,https://cdn.shopify.com/s/files/1/0096/8264/9145/products/IMG_9936.jpg?v=1544440763,1.0,./images/ask_devi_images_880.jpg,y
886,1179.0,Saroj Fabrics Online,Satin Linen Plain,Plain bright yellow satin linen,https://cdn.shopify.com/s/files/1/0096/8264/9145/products/IMG_9841.jpg?v=1544440362,1.0,./images/ask_devi_images_886.jpg,y
892,1182.0,Saroj Fabrics Online,Satin Linen Plain,Plain mustard yellow satin linen,https://cdn.shopify.com/s/files/1/0096/8264/9145/products/IMG_9918.jpg?v=1544439678,1.0,./images/ask_devi_images_892.jpg,y
898,1185.0,Saroj Fabrics Online,Satin Linen Plain,plain cherry red satin linen,https://cdn.shopify.com/s/files/1/0096/8264/9145/products/IMG_9957.jpg?v=1544439599,1.0,./images/ask_devi_images_898.jpg,y
904,1188.0,Saroj Fabrics Online,Satin Linen Plain,Plain teal blue satin linen,https://cdn.shopify.com/s/files/1/0096/8264/9145/products/IMG_9801.jpg?v=1544439311,1.0,./images/ask_devi_images_904.jpg,y
910,1191.0,Saroj Fabrics Online,Satin Linen Plain,Plain pinkish red satin linen,https://cdn.shopify.com/s/files/1/0096/8264/9145/products/IMG_9849.jpg?v=1544439101,1.0,./images/ask_devi_images_910.jpg,y
916,1194.0,Saroj Fabrics Online,Satin Linen Plain,Plain tomato red satin linen,https://cdn.shopify.com/s/files/1/0096/8264/9145/products/IMG_9880.jpg?v=1544439018,1.0,./images/ask_devi_images_916.jpg,y
922,1197.0,Saroj Fabrics Online,Satin Linen Plain,Plain sage green satin linen,https://cdn.shopify.com/s/files/1/0096/8264/9145/products/IMG_9857.jpg?v=1544438928,1.0,./images/ask_devi_images_922.jpg,y
928,1200.0,Saroj Fabrics Online,Satin Linen Plain,Plain sea green satin linen,https://cdn.shopify.com/s/files/1/0096/8264/9145/products/IMG_9833.jpg?v=1544438502,1.0,./images/ask_devi_images_928.jpg,y
934,1203.0,Saroj Fabrics Online,Satin Linen Plain,Plain matcha green tea satin linen,https://cdn.shopify.com/s/files/1/0096/8264/9145/products/IMG_9853.jpg?v=1544438412,1.0,./images/ask_devi_images_934.jpg,y
940,1206.0,Saroj Fabrics Online,Satin Linen Plain,Plain pastel peach orange satin linen,https://cdn.shopify.com/s/files/1/0096/8264/9145/products/IMG_9943.jpg?v=1544438316,1.0,./images/ask_devi_images_940.jpg,y
946,1209.0,Saroj Fabrics Online,Satin Linen Plain,Plain earthen orange satin linen,https://cdn.shopify.com/s/files/1/0096/8264/9145/products/IMG_9914.jpg?v=1544438202,1.0,./images/ask_devi_images_946.jpg,y
952,1212.0,Saroj Fabrics Online,Satin Linen Plain,Plain pastel pistachio  satin linen,https://cdn.shopify.com/s/files/1/0096/8264/9145/products/IMG_9837.jpg?v=1544438038,1.0,./images/ask_devi_images_952.jpg,y
958,1215.0,Saroj Fabrics Online,Satin Linen Plain,Plain baby pink satin linen,https://cdn.shopify.com/s/files/1/0096/8264/9145/products/IMG_9977.jpg?v=1566816051,1.0,./images/ask_devi_images_958.jpg,y
964,1218.0,Saroj Fabrics Online,Satin Linen Plain,Plain dark beige light gold satin linen,https://cdn.shopify.com/s/files/1/0096/8264/9145/products/IMG_8850.jpg?v=1544437578,1.0,./images/ask_devi_images_964.jpg,y
968,1220.0,Saroj Fabrics Online,Satin Linen Plain,Plain sunset  orange satin linen,https://cdn.shopify.com/s/files/1/0096/8264/9145/products/IMG_9902.jpg?v=1544437466,1.0,./images/ask_devi_images_968.jpg,y
974,1223.0,Saroj Fabrics Online,Satin Linen Plain,Plain dark champagne gold stain linen,https://cdn.shopify.com/s/files/1/0096/8264/9145/products/IMG_9973.jpg?v=1544437358,1.0,./images/ask_devi_images_974.jpg,y
980,1226.0,Saroj Fabrics Online,Satin Linen Plain,Plain burgundy red satin linen,https://cdn.shopify.com/s/files/1/0096/8264/9145/products/IMG_9797.jpg?v=1544437196,1.0,./images/ask_devi_images_980.jpg,y
986,1229.0,Saroj Fabrics Online,Satin Linen Plain,Plain red red satin linen,https://cdn.shopify.com/s/files/1/0096/8264/9145/products/IMG_9987.jpg?v=1544437110,1.0,./images/ask_devi_images_986.jpg,y
992,1232.0,Saroj Fabrics Online,Satin Linen Plain,Plain coffee brown satin linen,https://cdn.shopify.com/s/files/1/0096/8264/9145/products/IMG_9965.jpg?v=1544434651,1.0,./images/ask_devi_images_992.jpg,y
998,1235.0,Saroj Fabrics Online,Satin Linen Plain,Plain fuschia pink satin linen,https://cdn.shopify.com/s/files/1/0096/8264/9145/products/IMG_9926.jpg?v=1544434238,1.0,./images/ask_devi_images_998.jpg,y
1004,1238.0,Saroj Fabrics Online,Satin Linen Plain,Plain pastel rose gold satin linen,https://cdn.shopify.com/s/files/1/0096/8264/9145/products/IMG_9845.jpg?v=1544433884,1.0,./images/ask_devi_images_1004.jpg,y
1010,1241.0,Saroj Fabrics Online,Satin Linen Plain,Plain steel gray satin linen,https://cdn.shopify.com/s/files/1/0096/8264/9145/products/IMG_9789.jpg?v=1544433774,1.0,./images/ask_devi_images_1010.jpg,y
1016,1244.0,Saroj Fabrics Online,Satin Linen Plain,Plain pastel peach orange satin linen,https://cdn.shopify.com/s/files/1/0096/8264/9145/products/IMG_9906.jpg?v=1544433445,1.0,./images/ask_devi_images_1016.jpg,y
1022,1247.0,Saroj Fabrics Online,Satin Linen Plain,Plain royal blue satin linen,https://cdn.shopify.com/s/files/1/0096/8264/9145/products/IMG_9887.jpg?v=1544433282,1.0,./images/ask_devi_images_1022.jpg,y
1028,1250.0,Saroj Fabrics Online,Satin Linen Plain,Plain mustard yellow satin linen,https://cdn.shopify.com/s/files/1/0096/8264/9145/products/IMG_9793.jpg?v=1544433133,1.0,./images/ask_devi_images_1028.jpg,y
1034,1253.0,Saroj Fabrics Online,Satin Linen Plain,Plain pistachio green satin linen,https://cdn.shopify.com/s/files/1/0096/8264/9145/products/IMG_9981.jpg?v=1544432926,1.0,./images/ask_devi_images_1034.jpg,y
1046,1259.0,Saroj Fabrics Online,Cotton Matka Plain,Plain berry pink cotton matka silk ,https://cdn.shopify.com/s/files/1/0096/8264/9145/products/IMG_9717.jpg?v=1544188237,1.0,./images/ask_devi_images_1046.jpg,y
1052,1262.0,Saroj Fabrics Online,Cotton Matka Plain,Plain maroon red cotton matka silk,https://cdn.shopify.com/s/files/1/0096/8264/9145/products/IMG_9697.jpg?v=1544188147,1.0,./images/ask_devi_images_1052.jpg,y
1058,1265.0,Saroj Fabrics Online,Cotton Matka Plain,Plain plum red cotton matka silk,https://cdn.shopify.com/s/files/1/0096/8264/9145/products/IMG_0171_739cad6c-d1d0-4fad-9430-16f835358312.jpg?v=1544188037,1.0,./images/ask_devi_images_1058.jpg,y
1064,1268.0,Saroj Fabrics Online,Cotton Matka Plain,Plain earthern orange cotton matka silk,https://cdn.shopify.com/s/files/1/0096/8264/9145/products/IMG_0174_811f6559-0185-4ae0-b909-f4906aca0074.jpg?v=1544187956,1.0,./images/ask_devi_images_1064.jpg,y
1070,1271.0,Saroj Fabrics Online,Cotton Matka Plain,Plain tomato red cotton matka silk,https://cdn.shopify.com/s/files/1/0096/8264/9145/products/IMG_0144.jpg?v=1544187880,1.0,./images/ask_devi_images_1070.jpg,y
1076,1274.0,Saroj Fabrics Online,Cotton Matka Plain,Plain steel gray cotton matka silk,https://cdn.shopify.com/s/files/1/0096/8264/9145/products/IMG_0152.jpg?v=1544187782,1.0,./images/ask_devi_images_1076.jpg,y
1082,1277.0,Saroj Fabrics Online,Cotton Matka Plain,Plain mustard yellow cotton matka silk,https://cdn.shopify.com/s/files/1/0096/8264/9145/products/IMG_9712.jpg?v=1544187712,1.0,./images/ask_devi_images_1082.jpg,y
1088,1280.0,Saroj Fabrics Online,Cotton Matka Plain,Plain bright blue cotton matka silk,https://cdn.shopify.com/s/files/1/0096/8264/9145/products/IMG_9751.jpg?v=1544187636,1.0,./images/ask_devi_images_1088.jpg,y
1094,1283.0,Saroj Fabrics Online,Cotton Matka Plain,Plain cream yellow cotton matka silk,https://cdn.shopify.com/s/files/1/0096/8264/9145/products/IMG_0168.jpg?v=1544187554,1.0,./images/ask_devi_images_1094.jpg,y
1100,1286.0,Saroj Fabrics Online,Cotton Matka Plain,Plain dark maroon red cotton matka silk,https://cdn.shopify.com/s/files/1/0096/8264/9145/products/IMG_9726.jpg?v=1544187475,1.0,./images/ask_devi_images_1100.jpg,y
1106,1289.0,Saroj Fabrics Online,Cotton Matka Plain,plain bright red cotton matka silk,https://cdn.shopify.com/s/files/1/0096/8264/9145/products/IMG_9759_76066e85-00ae-4571-93bb-0c5998c224cb.jpg?v=1544187404,1.0,./images/ask_devi_images_1106.jpg,y
1112,1292.0,Saroj Fabrics Online,Cotton Matka Plain,Plain salmon pink cotton matka silk,https://cdn.shopify.com/s/files/1/0096/8264/9145/products/IMG_9680_20f8109a-1123-4ca5-931b-62c5d53f3733.jpg?v=1544187331,1.0,./images/ask_devi_images_1112.jpg,y
1118,1295.0,Saroj Fabrics Online,Cotton Matka Plain,Plain berry pinbk cotton matka silk,https://cdn.shopify.com/s/files/1/0096/8264/9145/products/IMG_0139.jpg?v=1544187243,1.0,./images/ask_devi_images_1118.jpg,y
1124,1298.0,Saroj Fabrics Online,Cotton Matka Plain,Plain aqua blue cotton matka silk,https://cdn.shopify.com/s/files/1/0096/8264/9145/products/IMG_0135.jpg?v=1544187176,1.0,./images/ask_devi_images_1124.jpg,y
1130,1301.0,Saroj Fabrics Online,Cotton Matka Plain,Plain champagne gold cotton matka silk,https://cdn.shopify.com/s/files/1/0096/8264/9145/products/IMG_9666.jpg?v=1544187058,1.0,./images/ask_devi_images_1130.jpg,y
1136,1304.0,Saroj Fabrics Online,Cotton Matka Plain,Plain beige gold cotton matka silk,https://cdn.shopify.com/s/files/1/0096/8264/9145/products/IMG_9729.jpg?v=1544186953,1.0,./images/ask_devi_images_1136.jpg,y
1142,1307.0,Saroj Fabrics Online,Cotton Matka Plain,Plain rose gold cotton matka silk,https://cdn.shopify.com/s/files/1/0096/8264/9145/products/IMG_9646_5e7fbb2e-1573-4c25-b0a7-81a7d73b93d1.jpg?v=1544186630,1.0,./images/ask_devi_images_1142.jpg,y
1148,1310.0,Saroj Fabrics Online,Cotton Matka Plain,Plain orchid purple cotton matka silk,https://cdn.shopify.com/s/files/1/0096/8264/9145/products/IMG_9706.jpg?v=1544186149,1.0,./images/ask_devi_images_1148.jpg,y
1154,1313.0,Saroj Fabrics Online,Cotton Matka Plain,Plain chocloate brown cotton matka silk,https://cdn.shopify.com/s/files/1/0096/8264/9145/products/IMG_9709.jpg?v=1544186036,1.0,./images/ask_devi_images_1154.jpg,y
1160,1316.0,Saroj Fabrics Online,Cotton Matka Plain,Plain dark gold cotton matka silk,https://cdn.shopify.com/s/files/1/0096/8264/9145/products/IMG_9763.jpg?v=1544185970,1.0,./images/ask_devi_images_1160.jpg,y
1166,1319.0,Saroj Fabrics Online,Cotton Matka Plain,Plain dark maroon red cotton matka silk,https://cdn.shopify.com/s/files/1/0096/8264/9145/products/IMG_9703.jpg?v=1544185725,1.0,./images/ask_devi_images_1166.jpg,y
1172,1322.0,Saroj Fabrics Online,Cotton Matka Plain,Plain magenta pink cotton matka silk,https://cdn.shopify.com/s/files/1/0096/8264/9145/products/IMG_9772.jpg?v=1544185656,1.0,./images/ask_devi_images_1172.jpg,y
1178,1325.0,Saroj Fabrics Online,Cotton Matka Plain,Plain light purple cotton matka silk,https://cdn.shopify.com/s/files/1/0096/8264/9145/products/IMG_8987.jpg?v=1544185142,1.0,./images/ask_devi_images_1178.jpg,y
1182,1327.0,Saroj Fabrics Online,Cotton Matka Plain,Plain mauve lavender purple cotton matka silk,https://cdn.shopify.com/s/files/1/0096/8264/9145/products/IMG_9777.jpg?v=1544185098,1.0,./images/ask_devi_images_1182.jpg,y
1188,1330.0,Saroj Fabrics Online,Cotton Matka Plain,Plain olive green cotton matka silk,https://cdn.shopify.com/s/files/1/0096/8264/9145/products/IMG_9720.jpg?v=1544184977,1.0,./images/ask_devi_images_1188.jpg,y
1194,1333.0,Saroj Fabrics Online,Cotton Matka Plain,Plain emerald green cotton matka silk,https://cdn.shopify.com/s/files/1/0096/8264/9145/products/IMG_0147.jpg?v=1544184829,1.0,./images/ask_devi_images_1194.jpg,y
1200,1336.0,Saroj Fabrics Online,Cotton Matka Plain,Plain coffee brown cotton matka silk,https://cdn.shopify.com/s/files/1/0096/8264/9145/products/IMG_9766.jpg?v=1544184723,1.0,./images/ask_devi_images_1200.jpg,y
1206,1339.0,Saroj Fabrics Online,Cotton Matka Plain,Plain sunset orange cotton matka silk,https://cdn.shopify.com/s/files/1/0096/8264/9145/products/IMG_9744.jpg?v=1544184605,1.0,./images/ask_devi_images_1206.jpg,y
1212,1342.0,Saroj Fabrics Online,Cotton Matka Plain,Plain khaki beige neutral cotton matka silk,https://cdn.shopify.com/s/files/1/0096/8264/9145/products/IMG_9700.jpg?v=1544184517,1.0,./images/ask_devi_images_1212.jpg,y
1218,1348.0,Saroj Fabrics Online,Cotton Matka Plain,Plain bright yellow cotton matka silk,https://cdn.shopify.com/s/files/1/0096/8264/9145/products/IMG_9723.jpg?v=1544184352,1.0,./images/ask_devi_images_1218.jpg,y
1224,1351.0,Saroj Fabrics Online,Cotton Matka Plain,Plain bright  pink cotton matka silk,https://cdn.shopify.com/s/files/1/0096/8264/9145/products/IMG_9923.jpg?v=1544184264,1.0,./images/ask_devi_images_1224.jpg,y
1230,1354.0,Saroj Fabrics Online,Cotton Matka Plain,Plain steel gray cotton matka silk,https://cdn.shopify.com/s/files/1/0096/8264/9145/products/IMG_0163.jpg?v=1544184152,1.0,./images/ask_devi_images_1230.jpg,y
1236,1357.0,Saroj Fabrics Online,Cotton Matka Plain,Plain teal blue cotton matka silk,https://cdn.shopify.com/s/files/1/0096/8264/9145/products/IMG_9741.jpg?v=1544184072,1.0,./images/ask_devi_images_1236.jpg,y
1242,1360.0,Saroj Fabrics Online,Cotton Matka Plain,Plain blood red cotton matka silk,https://cdn.shopify.com/s/files/1/0096/8264/9145/products/IMG_9759.jpg?v=1544183940,1.0,./images/ask_devi_images_1242.jpg,y
1248,1363.0,Saroj Fabrics Online,Cotton Matka Plain,Plain champagne gold cotton matka silk,https://cdn.shopify.com/s/files/1/0096/8264/9145/products/IMG_9748.jpg?v=1544183714,1.0,./images/ask_devi_images_1248.jpg,y
1254,1366.0,Saroj Fabrics Online,Cotton Matka Plain,Plain light gold cotton matka silk,https://cdn.shopify.com/s/files/1/0096/8264/9145/products/IMG_9684.jpg?v=1543401044,1.0,./images/ask_devi_images_1254.jpg,y
1260,1369.0,Saroj Fabrics Online,Cotton Matka Plain,Plain baby pink cotton matka silk,https://cdn.shopify.com/s/files/1/0096/8264/9145/products/IMG_9680.jpg?v=1543400908,1.0,./images/ask_devi_images_1260.jpg,y
1266,1372.0,Saroj Fabrics Online,Cotton Matka Plain,Plain light beige gold cotton matka silk,https://cdn.shopify.com/s/files/1/0096/8264/9145/products/IMG_9676.jpg?v=1543400801,1.0,./images/ask_devi_images_1266.jpg,y
1272,1375.0,Saroj Fabrics Online,Cotton Matka Plain,Plain magenta purple cotton matka silk,https://cdn.shopify.com/s/files/1/0096/8264/9145/products/IMG_9669.jpg?v=1543400347,1.0,./images/ask_devi_images_1272.jpg,y
1276,1377.0,Saroj Fabrics Online,Cotton Matka Plain,Plain lemon yellow cotton matka silk,https://cdn.shopify.com/s/files/1/0096/8264/9145/products/IMG_8989_a7644167-a6aa-47a9-8763-71040f1d0f55.jpg?v=1543402597,1.0,./images/ask_devi_images_1276.jpg,y
1280,1379.0,Saroj Fabrics Online,Cotton Matka Plain,Plain chocolate brown cotton matka silk,https://cdn.shopify.com/s/files/1/0096/8264/9145/products/IMG_9662.jpg?v=1543399893,1.0,./images/ask_devi_images_1280.jpg,y
1286,1382.0,Saroj Fabrics Online,Cotton Matka Plain,Plain coral orange cotton matka silk,https://cdn.shopify.com/s/files/1/0096/8264/9145/products/IMG_9658.jpg?v=1543399748,1.0,./images/ask_devi_images_1286.jpg,y
1292,1385.0,Saroj Fabrics Online,Cotton Matka Plain,Plain rust orange cotton matka silk,https://cdn.shopify.com/s/files/1/0096/8264/9145/products/IMG_9652.jpg?v=1543399278,1.0,./images/ask_devi_images_1292.jpg,y
1298,1388.0,Saroj Fabrics Online,Cotton Matka Plain,Plain maroon red cotton matka silk,https://cdn.shopify.com/s/files/1/0096/8264/9145/products/IMG_9649.jpg?v=1543399187,1.0,./images/ask_devi_images_1298.jpg,y
1304,1391.0,Saroj Fabrics Online,Cotton Matka Plain,Plain pastel peach orange cotton matka silk,https://cdn.shopify.com/s/files/1/0096/8264/9145/products/IMG_9646.jpg?v=1543399043,1.0,./images/ask_devi_images_1304.jpg,y
1310,1394.0,Saroj Fabrics Online,Cotton Matka Plain,Plain ochre yellow cotton matka silk,https://cdn.shopify.com/s/files/1/0096/8264/9145/products/IMG_9641.jpg?v=1543398768,1.0,./images/ask_devi_images_1310.jpg,y
1316,1397.0,Saroj Fabrics Online,Cotton Matka Plain,Plain purple cotton matka silk,https://cdn.shopify.com/s/files/1/0096/8264/9145/products/IMG_9638.jpg?v=1543398285,1.0,./images/ask_devi_images_1316.jpg,y
1322,1400.0,Saroj Fabrics Online,Cotton Matka Plain,Plain shocking pink cotton matka silk,https://cdn.shopify.com/s/files/1/0096/8264/9145/products/IMG_9635.jpg?v=1543397790,1.0,./images/ask_devi_images_1322.jpg,y
1328,1403.0,Saroj Fabrics Online,Cotton Matka Plain,Plain indego blue cotton matka silk,https://cdn.shopify.com/s/files/1/0096/8264/9145/products/IMG_9632.jpg?v=1543396083,1.0,./images/ask_devi_images_1328.jpg,y
1334,1406.0,Saroj Fabrics Online,Cotton Matka Plain,Plain khaki neutral cotton matka silk,https://cdn.shopify.com/s/files/1/0096/8264/9145/products/IMG_9629.jpg?v=1543395952,1.0,./images/ask_devi_images_1334.jpg,y
1340,1409.0,Saroj Fabrics Online,Cotton Matka Plain,Plain egg yolk yellow cotton matka silk,https://cdn.shopify.com/s/files/1/0096/8264/9145/products/IMG_8989.jpg?v=1543393364,1.0,./images/ask_devi_images_1340.jpg,y
1344,1411.0,Saroj Fabrics Online,Cotton Matka Plain,Plain Navy blue cotton matka silk,https://cdn.shopify.com/s/files/1/0096/8264/9145/products/IMG_8985.jpg?v=1543220958,1.0,./images/ask_devi_images_1344.jpg,y
1348,1413.0,Saroj Fabrics Online,Cotton Matka Plain,Plain magenta pink cotton matka silk,https://cdn.shopify.com/s/files/1/0096/8264/9145/products/IMG_8981.jpg?v=1543220871,1.0,./images/ask_devi_images_1348.jpg,y
1352,1415.0,Saroj Fabrics Online,Cotton Matka Plain,Plain dark maroon red cotton matka silk,https://cdn.shopify.com/s/files/1/0096/8264/9145/products/IMG_8972.jpg?v=1543216252,1.0,./images/ask_devi_images_1352.jpg,y
1356,1417.0,Saroj Fabrics Online,Doupion Silk Plain,Plain beige neutral dupioni silk,https://cdn.shopify.com/s/files/1/0096/8264/9145/products/IMG_8992.jpg?v=1543039356,1.0,./images/ask_devi_images_1356.jpg,y
1360,1419.0,Saroj Fabrics Online,Doupion Silk Plain,Plain coral orange dupioni silk,https://cdn.shopify.com/s/files/1/0096/8264/9145/products/IMG_1393.jpg?v=1543039182,1.0,./images/ask_devi_images_1360.jpg,y
1366,1422.0,Saroj Fabrics Online,Doupion Silk Plain,Plain shocking pink dupioni silk,https://cdn.shopify.com/s/files/1/0096/8264/9145/products/IMG_1390.jpg?v=1543038768,1.0,./images/ask_devi_images_1366.jpg,y
1372,1425.0,Saroj Fabrics Online,Doupion Silk Plain,Plain pistachio green dupioni silk,https://cdn.shopify.com/s/files/1/0096/8264/9145/products/IMG_1387.jpg?v=1543038587,1.0,./images/ask_devi_images_1372.jpg,y
1378,1428.0,Saroj Fabrics Online,Doupion Silk Plain,Plain old gold dupioni silk,https://cdn.shopify.com/s/files/1/0096/8264/9145/products/IMG_1384.jpg?v=1543037970,1.0,./images/ask_devi_images_1378.jpg,y
1384,1431.0,Saroj Fabrics Online,Doupion Silk Plain,Plain parrot green dupioni silk,https://cdn.shopify.com/s/files/1/0096/8264/9145/products/IMG_1381.jpg?v=1543037828,1.0,./images/ask_devi_images_1384.jpg,y
1390,1434.0,Saroj Fabrics Online,Doupion Silk Plain,Plain aqua blue dupioni silk,https://cdn.shopify.com/s/files/1/0096/8264/9145/products/IMG_1378.jpg?v=1543037631,1.0,./images/ask_devi_images_1390.jpg,y
1396,1437.0,Saroj Fabrics Online,Doupion Silk Plain,Plain tomato red dupioni silk,https://cdn.shopify.com/s/files/1/0096/8264/9145/products/IMG_1375.jpg?v=1543037435,1.0,./images/ask_devi_images_1396.jpg,y
1402,1440.0,Saroj Fabrics Online,Doupion Silk Plain,Plain emerald green dupioni silk,https://cdn.shopify.com/s/files/1/0096/8264/9145/products/IMG_1372.jpg?v=1543034577,1.0,./images/ask_devi_images_1402.jpg,y
1408,1443.0,Saroj Fabrics Online,Doupion Silk Plain,Plain navy blue dupioni silk,https://cdn.shopify.com/s/files/1/0096/8264/9145/products/IMG_1368.jpg?v=1543034130,1.0,./images/ask_devi_images_1408.jpg,y
1414,1446.0,Saroj Fabrics Online,Doupion Silk Plain,Plain blood red dupioni silk,https://cdn.shopify.com/s/files/1/0096/8264/9145/products/IMG_1365.jpg?v=1543033803,1.0,./images/ask_devi_images_1414.jpg,y
1420,1449.0,Saroj Fabrics Online,Doupion Silk Plain,Plain turqupise blue dupioni silk,https://cdn.shopify.com/s/files/1/0096/8264/9145/products/IMG_1362.jpg?v=1543034217,1.0,./images/ask_devi_images_1420.jpg,y
1426,1452.0,Saroj Fabrics Online,Doupion Silk Plain,Plain shocking pink dupioni silk,https://cdn.shopify.com/s/files/1/0096/8264/9145/products/IMG_1359.jpg?v=1543033334,1.0,./images/ask_devi_images_1426.jpg,y
1432,1455.0,Saroj Fabrics Online,Doupion Silk Plain,plain coral orange dupioni silk,https://cdn.shopify.com/s/files/1/0096/8264/9145/products/IMG_1356.jpg?v=1543032980,1.0,./images/ask_devi_images_1432.jpg,y
1438,1458.0,Saroj Fabrics Online,Doupion Silk Plain,Plain dark green dupioni silk,https://cdn.shopify.com/s/files/1/0096/8264/9145/products/IMG_1353.jpg?v=1543032866,1.0,./images/ask_devi_images_1438.jpg,y
1444,1461.0,Saroj Fabrics Online,Doupion Silk Plain,Plain royal blue dupioni silk,https://cdn.shopify.com/s/files/1/0096/8264/9145/products/IMG_1350.jpg?v=1543032655,1.0,./images/ask_devi_images_1444.jpg,y
1450,1464.0,Saroj Fabrics Online,Doupion Silk Plain,Plain mango yellow dupioni silk,https://cdn.shopify.com/s/files/1/0096/8264/9145/products/IMG_1347.jpg?v=1543032535,1.0,./images/ask_devi_images_1450.jpg,y
1456,1467.0,Saroj Fabrics Online,Doupion Silk Plain,Plain sunset orange dupioni silk,https://cdn.shopify.com/s/files/1/0096/8264/9145/products/IMG_1342.jpg?v=1543032360,1.0,./images/ask_devi_images_1456.jpg,y
1462,1470.0,Saroj Fabrics Online,Doupion Silk Plain,Plain bright pink dupioni silk,https://cdn.shopify.com/s/files/1/0096/8264/9145/products/IMG_1338.jpg?v=1543032237,1.0,./images/ask_devi_images_1462.jpg,y
1468,1473.0,Saroj Fabrics Online,Doupion Silk Plain,Plain blue green dupioni silk,https://cdn.shopify.com/s/files/1/0096/8264/9145/products/IMG_1335.jpg?v=1543031998,1.0,./images/ask_devi_images_1468.jpg,y
1474,1476.0,Saroj Fabrics Online,Doupion Silk Plain,Plain metallic gray dupioni silk,https://cdn.shopify.com/s/files/1/0096/8264/9145/products/IMG_1332.jpg?v=1543031759,1.0,./images/ask_devi_images_1474.jpg,y
1480,1479.0,Saroj Fabrics Online,Korean Net Plain,Plain peach orange net ,https://cdn.shopify.com/s/files/1/0096/8264/9145/products/IMG_9022.jpg?v=1543030588,1.0,./images/ask_devi_images_1480.jpg,y
1484,1481.0,Saroj Fabrics Online,Korean Net Plain,Plain pink net,https://cdn.shopify.com/s/files/1/0096/8264/9145/products/IMG_9020.jpg?v=1543030494,1.0,./images/ask_devi_images_1484.jpg,y
1488,1483.0,Saroj Fabrics Online,Korean Net Plain,Plain yellow net,https://cdn.shopify.com/s/files/1/0096/8264/9145/products/IMG_9017.jpg?v=1543030413,1.0,./images/ask_devi_images_1488.jpg,y
1492,1485.0,Saroj Fabrics Online,Korean Net Plain,Plain steel grey net,https://cdn.shopify.com/s/files/1/0096/8264/9145/products/IMG_9015.jpg?v=1543030312,1.0,./images/ask_devi_images_1492.jpg,y
1496,1487.0,Saroj Fabrics Online,Korean Net Plain,Plain orange net,https://cdn.shopify.com/s/files/1/0096/8264/9145/products/IMG_9013.jpg?v=1543030223,1.0,./images/ask_devi_images_1496.jpg,y
1500,1489.0,Saroj Fabrics Online,Viscose Georgette Plain,Plain bright pink viscose georgette,https://cdn.shopify.com/s/files/1/0096/8264/9145/products/IMG_1658.jpg?v=1542867559,1.0,./images/ask_devi_images_1500.jpg,y
1506,1492.0,Saroj Fabrics Online,Viscose Georgette Plain,Plain steel grey viscose georgette,https://cdn.shopify.com/s/files/1/0096/8264/9145/products/IMG_1655.jpg?v=1542866768,1.0,./images/ask_devi_images_1506.jpg,y
1512,1495.0,Saroj Fabrics Online,Viscose Georgette Plain,Plain royal blue viscose georgette,https://cdn.shopify.com/s/files/1/0096/8264/9145/products/IMG_1652.jpg?v=1542866503,1.0,./images/ask_devi_images_1512.jpg,y
1518,1498.0,Saroj Fabrics Online,Viscose Georgette Plain,Plain berry pink viscose georgette,https://cdn.shopify.com/s/files/1/0096/8264/9145/products/IMG_1649.jpg?v=1542866424,1.0,./images/ask_devi_images_1518.jpg,y
1524,1501.0,Saroj Fabrics Online,Viscose Georgette Plain,Plain pastel sea green viscose georgette,https://cdn.shopify.com/s/files/1/0096/8264/9145/products/IMG_1646.jpg?v=1542866258,1.0,./images/ask_devi_images_1524.jpg,y
1530,1504.0,Saroj Fabrics Online,Viscose Georgette Plain,Plain Sea green viscose georgette,https://cdn.shopify.com/s/files/1/0096/8264/9145/products/IMG_1643.jpg?v=1542866130,1.0,./images/ask_devi_images_1530.jpg,y
1536,1507.0,Saroj Fabrics Online,Viscose Georgette Plain,Plain aqua blue viscose georgette,https://cdn.shopify.com/s/files/1/0096/8264/9145/products/IMG_1637.jpg?v=1542865611,1.0,./images/ask_devi_images_1536.jpg,y
1542,1510.0,Saroj Fabrics Online,Viscose Georgette Plain,Plain olive green viscose georgette,https://cdn.shopify.com/s/files/1/0096/8264/9145/products/IMG_1633.jpg?v=1542865468,1.0,./images/ask_devi_images_1542.jpg,y
1548,1513.0,Saroj Fabrics Online,Viscose Georgette Plain,Plain orange viscose georgette,https://cdn.shopify.com/s/files/1/0096/8264/9145/products/IMG_1630.jpg?v=1542865373,1.0,./images/ask_devi_images_1548.jpg,y
1554,1516.0,Saroj Fabrics Online,Viscose Georgette Plain,Plain peridot green viscose georgette,https://cdn.shopify.com/s/files/1/0096/8264/9145/products/IMG_1627.jpg?v=1542865272,1.0,./images/ask_devi_images_1554.jpg,y
1560,1519.0,Saroj Fabrics Online,Viscose Georgette Plain,Plain turquoise blue viscose georgette,https://cdn.shopify.com/s/files/1/0096/8264/9145/products/IMG_1624.jpg?v=1542865205,1.0,./images/ask_devi_images_1560.jpg,y
1566,1522.0,Saroj Fabrics Online,Viscose Georgette Plain,Plain maroon red viscose georgette,https://cdn.shopify.com/s/files/1/0096/8264/9145/products/IMG_1621.jpg?v=1542865116,1.0,./images/ask_devi_images_1566.jpg,y
1572,1525.0,Saroj Fabrics Online,Viscose Georgette Plain,Plain magenta pink viscose georgette,https://cdn.shopify.com/s/files/1/0096/8264/9145/products/IMG_1618.jpg?v=1542865021,1.0,./images/ask_devi_images_1572.jpg,y
1578,1528.0,Saroj Fabrics Online,Viscose Georgette Plain,Plain blood red viscose georgette,https://cdn.shopify.com/s/files/1/0096/8264/9145/products/IMG_1615.jpg?v=1542864936,1.0,./images/ask_devi_images_1578.jpg,y
1584,1531.0,Saroj Fabrics Online,Viscose Georgette Plain,Plain Chocolate brown viscose georgette,https://cdn.shopify.com/s/files/1/0096/8264/9145/products/IMG_1612.jpg?v=1542864829,1.0,./images/ask_devi_images_1584.jpg,y
1590,1534.0,Saroj Fabrics Online,Viscose Georgette Plain,Plain plum purple viscose georgette,https://cdn.shopify.com/s/files/1/0096/8264/9145/products/IMG_1609.jpg?v=1542864498,1.0,./images/ask_devi_images_1590.jpg,y
1596,1537.0,Saroj Fabrics Online,Viscose Georgette Plain,Plain Candy pink viscose georgette,https://cdn.shopify.com/s/files/1/0096/8264/9145/products/IMG_1606.jpg?v=1542864426,1.0,./images/ask_devi_images_1596.jpg,y
1602,1540.0,Saroj Fabrics Online,Viscose Georgette Plain,Plain orange viscose georgette,https://cdn.shopify.com/s/files/1/0096/8264/9145/products/IMG_1600.jpg?v=1542864036,1.0,./images/ask_devi_images_1602.jpg,y
1608,1543.0,Saroj Fabrics Online,Viscose Georgette Plain,Plain teal blue viscose georgette,https://cdn.shopify.com/s/files/1/0096/8264/9145/products/IMG_1597.jpg?v=1542863892,1.0,./images/ask_devi_images_1608.jpg,y
1614,1546.0,Saroj Fabrics Online,Viscose Georgette Plain,Plain coral pink viscose georgette,https://cdn.shopify.com/s/files/1/0096/8264/9145/products/IMG_1594.jpg?v=1542863719,1.0,./images/ask_devi_images_1614.jpg,y
1620,1549.0,Saroj Fabrics Online,Satin Linen Plain,Plain bright yellow Satin linen,https://cdn.shopify.com/s/files/1/0096/8264/9145/products/IMG_9875.jpg?v=1542861145,1.0,./images/ask_devi_images_1620.jpg,y
1626,1552.0,Saroj Fabrics Online,Satin Linen Plain,Plain light gold satin linen,https://cdn.shopify.com/s/files/1/0096/8264/9145/products/IMG_9871.jpg?v=1542860298,1.0,./images/ask_devi_images_1626.jpg,y
1632,1555.0,Saroj Fabrics Online,Satin Linen Plain,Plain berry pink satin linen,https://cdn.shopify.com/s/files/1/0096/8264/9145/products/IMG_9782.jpg?v=1542859721,1.0,./images/ask_devi_images_1632.jpg,y
1638,1558.0,Saroj Fabrics Online,Satin Linen Plain,Plain pinkish red satin linen,https://cdn.shopify.com/s/files/1/0096/8264/9145/products/IMG_9969.jpg?v=1542859617,1.0,./images/ask_devi_images_1638.jpg,y
1644,1561.0,Saroj Fabrics Online,Satin Linen Plain,Plain dark green satin linen,https://cdn.shopify.com/s/files/1/0096/8264/9145/products/IMG_9813.jpg?v=1542859377,1.0,./images/ask_devi_images_1644.jpg,y
1650,1564.0,Saroj Fabrics Online,Satin Linen Plain,Plain wine red satin linen,https://cdn.shopify.com/s/files/1/0096/8264/9145/products/IMG_9867.jpg?v=1542859239,1.0,./images/ask_devi_images_1650.jpg,y
1656,1567.0,Saroj Fabrics Online,Satin Linen Plain,Plain bottle green satin linen,https://cdn.shopify.com/s/files/1/0096/8264/9145/products/IMG_9951.jpg?v=1542859156,1.0,./images/ask_devi_images_1656.jpg,y
1662,1570.0,Saroj Fabrics Online,Satin Linen Plain,Plain steel grey satin linen,https://cdn.shopify.com/s/files/1/0096/8264/9145/products/IMG_9947.jpg?v=1542859037,1.0,./images/ask_devi_images_1662.jpg,y
1668,1573.0,Saroj Fabrics Online,Satin Linen Plain,Plain sage green satin linen,https://cdn.shopify.com/s/files/1/0096/8264/9145/products/IMG_9863.jpg?v=1542858838,1.0,./images/ask_devi_images_1668.jpg,y
1674,1576.0,Saroj Fabrics Online,Pure Silk 50gm,plain mustard yellow silk,https://cdn.shopify.com/s/files/1/0096/8264/9145/products/IMG_1590.jpg?v=1542784393,1.0,./images/ask_devi_images_1674.jpg,y
1680,1579.0,Saroj Fabrics Online,Pure Silk 50gm,Plain coral red silk,https://cdn.shopify.com/s/files/1/0096/8264/9145/products/IMG_1587.jpg?v=1542784306,1.0,./images/ask_devi_images_1680.jpg,y
1686,1582.0,Saroj Fabrics Online,Pure Silk 50gm,Plain teal blue silk,https://cdn.shopify.com/s/files/1/0096/8264/9145/products/IMG_1584.jpg?v=1542784012,1.0,./images/ask_devi_images_1686.jpg,y
1692,1585.0,Saroj Fabrics Online,Pure Silk 50gm,Plain sunset orange silk,https://cdn.shopify.com/s/files/1/0096/8264/9145/products/IMG_1581_488ae187-6544-4f92-bc1d-bcd27fdd2729.jpg?v=1542783581,1.0,./images/ask_devi_images_1692.jpg,y
1698,1588.0,Saroj Fabrics Online,Pure Silk 50gm,Plain coral orange red silk,https://cdn.shopify.com/s/files/1/0096/8264/9145/products/IMG_1578.jpg?v=1542783289,1.0,./images/ask_devi_images_1698.jpg,y
1704,1591.0,Saroj Fabrics Online,Pure Silk 50gm,Plain bright purple silk,https://cdn.shopify.com/s/files/1/0096/8264/9145/products/IMG_1575.jpg?v=1542782646,1.0,./images/ask_devi_images_1704.jpg,y
1710,1594.0,Saroj Fabrics Online,Pure Silk 50gm,Plain berry red silk,https://cdn.shopify.com/s/files/1/0096/8264/9145/products/IMG_1569.jpg?v=1542782540,1.0,./images/ask_devi_images_1710.jpg,y
1716,1597.0,Saroj Fabrics Online,Pure Silk 50gm,Plain bright pink silk,https://cdn.shopify.com/s/files/1/0096/8264/9145/products/IMG_1563.jpg?v=1542781985,1.0,./images/ask_devi_images_1716.jpg,y
1722,1600.0,Saroj Fabrics Online,Pure Silk 50gm,Plain bright orange silk,https://cdn.shopify.com/s/files/1/0096/8264/9145/products/IMG_1581.jpg?v=1542782390,1.0,./images/ask_devi_images_1722.jpg,y
1728,1603.0,Saroj Fabrics Online,Pure Silk 50gm,Plain bright magenta pink silk,https://cdn.shopify.com/s/files/1/0096/8264/9145/products/IMG_1557.jpg?v=1542781608,1.0,./images/ask_devi_images_1728.jpg,y
1734,1606.0,Saroj Fabrics Online,Pure Silk 50gm,Plain parrot green silk,https://cdn.shopify.com/s/files/1/0096/8264/9145/products/IMG_1554.jpg?v=1542781529,1.0,./images/ask_devi_images_1734.jpg,y
1740,1609.0,Saroj Fabrics Online,Pure Silk 50gm,Plain sea green silk,https://cdn.shopify.com/s/files/1/0096/8264/9145/products/IMG_1551.jpg?v=1542781367,1.0,./images/ask_devi_images_1740.jpg,y
1746,1612.0,Saroj Fabrics Online,Pure Silk 50gm,Plain peridot green silk,https://cdn.shopify.com/s/files/1/0096/8264/9145/products/IMG_1548.jpg?v=1542781308,1.0,./images/ask_devi_images_1746.jpg,y
1752,1615.0,Saroj Fabrics Online,Pure Silk 50gm,Plain blood red silk,https://cdn.shopify.com/s/files/1/0096/8264/9145/products/IMG_1545.jpg?v=1542781206,1.0,./images/ask_devi_images_1752.jpg,y
1758,1618.0,Saroj Fabrics Online,Pure Silk 50gm,Plain navy blue silk,https://cdn.shopify.com/s/files/1/0096/8264/9145/products/IMG_1542.jpg?v=1542781137,1.0,./images/ask_devi_images_1758.jpg,y
1764,1621.0,Saroj Fabrics Online,Pure Silk 50gm,Plain sky blue silk,https://cdn.shopify.com/s/files/1/0096/8264/9145/products/IMG_1539.jpg?v=1542781025,1.0,./images/ask_devi_images_1764.jpg,y
1770,1624.0,Saroj Fabrics Online,Pure Silk 50gm,Plain steel grey silk,https://cdn.shopify.com/s/files/1/0096/8264/9145/products/IMG_1536.jpg?v=1542780877,1.0,./images/ask_devi_images_1770.jpg,y
1776,1627.0,Saroj Fabrics Online,Pure Silk 50gm,Plain sunrise orange silk,https://cdn.shopify.com/s/files/1/0096/8264/9145/products/IMG_1533.jpg?v=1542780745,1.0,./images/ask_devi_images_1776.jpg,y
1782,1630.0,Saroj Fabrics Online,Raw Silk 100gm,Plain magenta pink raw silk,https://cdn.shopify.com/s/files/1/0096/8264/9145/products/IMG_0124.jpg?v=1542769159,1.0,./images/ask_devi_images_1782.jpg,y
1788,1633.0,Saroj Fabrics Online,Raw Silk 100gm,Plain red raw silk,https://cdn.shopify.com/s/files/1/0096/8264/9145/products/IMG_1324.jpg?v=1542769079,1.0,./images/ask_devi_images_1788.jpg,y
1794,1636.0,Saroj Fabrics Online,Raw Silk 100gm,Plain bright orange silk,https://cdn.shopify.com/s/files/1/0096/8264/9145/products/IMG_1320.jpg?v=1542769013,1.0,./images/ask_devi_images_1794.jpg,y
1800,1639.0,Saroj Fabrics Online,Raw Silk 100gm,Plain berry pink raw silk,https://cdn.shopify.com/s/files/1/0096/8264/9145/products/IMG_1317.jpg?v=1542768937,1.0,./images/ask_devi_images_1800.jpg,y
1806,1642.0,Saroj Fabrics Online,Raw Silk 100gm,Plain beige neutral raw silk,https://cdn.shopify.com/s/files/1/0096/8264/9145/products/IMG_1314.jpg?v=1542768697,1.0,./images/ask_devi_images_1806.jpg,y
1812,1645.0,Saroj Fabrics Online,Raw Silk 100gm,Plain light gold raw silk,https://cdn.shopify.com/s/files/1/0096/8264/9145/products/IMG_1311.jpg?v=1542768625,1.0,./images/ask_devi_images_1812.jpg,y
1818,1648.0,Saroj Fabrics Online,Raw Silk 100gm,Plain dark gray raw silk,https://cdn.shopify.com/s/files/1/0096/8264/9145/products/IMG_1308.jpg?v=1542768307,1.0,./images/ask_devi_images_1818.jpg,y
1824,1651.0,Saroj Fabrics Online,Raw Silk 100gm,Plain pastel peach raw silk,https://cdn.shopify.com/s/files/1/0096/8264/9145/products/IMG_1305.jpg?v=1542768112,1.0,./images/ask_devi_images_1824.jpg,y
1830,1654.0,Saroj Fabrics Online,Raw Silk 100gm,Plain bright pink raw silk,https://cdn.shopify.com/s/files/1/0096/8264/9145/products/IMG_1301.jpg?v=1542767960,1.0,./images/ask_devi_images_1830.jpg,y
1838,1658.0,Saroj Fabrics Online,Raw Silk 100gm,Plain perdiot raw silk,https://cdn.shopify.com/s/files/1/0096/8264/9145/products/IMG_1298.jpg?v=1542767821,1.0,./images/ask_devi_images_1838.jpg,y
1844,1661.0,Saroj Fabrics Online,Raw Silk 100gm,Plain magenta pink raw silk,https://cdn.shopify.com/s/files/1/0096/8264/9145/products/IMG_1295.jpg?v=1542767712,1.0,./images/ask_devi_images_1844.jpg,y
1850,1664.0,Saroj Fabrics Online,Raw Silk 100gm,Plain sage green raw silk,https://cdn.shopify.com/s/files/1/0096/8264/9145/products/IMG_1291.jpg?v=1542767631,1.0,./images/ask_devi_images_1850.jpg,y
1856,1667.0,Saroj Fabrics Online,Raw Silk 100gm,Plain royal blue raw silk,https://cdn.shopify.com/s/files/1/0096/8264/9145/products/IMG_1288.jpg?v=1542767506,1.0,./images/ask_devi_images_1856.jpg,y
1862,1670.0,Saroj Fabrics Online,Raw Silk 100gm,Plain old gold raw silk,https://cdn.shopify.com/s/files/1/0096/8264/9145/products/IMG_1285.jpg?v=1542767366,1.0,./images/ask_devi_images_1862.jpg,y
1868,1673.0,Saroj Fabrics Online,Raw Silk 100gm,Plain Coral pink raw silk,https://cdn.shopify.com/s/files/1/0096/8264/9145/products/IMG_1282.jpg?v=1542767224,1.0,./images/ask_devi_images_1868.jpg,y
1874,1676.0,Saroj Fabrics Online,Raw Silk 100gm,Plain sage green raw silk,https://cdn.shopify.com/s/files/1/0096/8264/9145/products/IMG_1279.jpg?v=1542767152,1.0,./images/ask_devi_images_1874.jpg,y
1880,1679.0,Saroj Fabrics Online,Raw Silk 100gm,Plain steel grey raw silk,https://cdn.shopify.com/s/files/1/0096/8264/9145/products/IMG_1276.jpg?v=1542767063,1.0,./images/ask_devi_images_1880.jpg,y
1886,1682.0,Saroj Fabrics Online,Raw Silk 100gm,Plain sea green raw silk,https://cdn.shopify.com/s/files/1/0096/8264/9145/products/IMG_1273.jpg?v=1542766986,1.0,./images/ask_devi_images_1886.jpg,y
1892,1685.0,Saroj Fabrics Online,Raw Silk 100gm,Plain ink bue raw silk,https://cdn.shopify.com/s/files/1/0096/8264/9145/products/IMG_1270.jpg?v=1542766884,1.0,./images/ask_devi_images_1892.jpg,y
1898,1688.0,Saroj Fabrics Online,Raw Silk 100gm,Plain blood red raw silk,https://cdn.shopify.com/s/files/1/0096/8264/9145/products/IMG_1267.jpg?v=1542766792,1.0,./images/ask_devi_images_1898.jpg,y
1904,1691.0,Saroj Fabrics Online,Raw Silk 100gm,Plain navy blue raw silk,https://cdn.shopify.com/s/files/1/0096/8264/9145/products/IMG_1264.jpg?v=1542766680,1.0,./images/ask_devi_images_1904.jpg,y
1910,1694.0,Saroj Fabrics Online,Raw Silk 100gm,Plain maroon red raw silk,https://cdn.shopify.com/s/files/1/0096/8264/9145/products/IMG_1258.jpg?v=1542766580,1.0,./images/ask_devi_images_1910.jpg,y
1916,1697.0,Saroj Fabrics Online,Raw Silk 100gm,Plain royal blue raw silk,https://cdn.shopify.com/s/files/1/0096/8264/9145/products/IMG_1261.jpg?v=1542766392,1.0,./images/ask_devi_images_1916.jpg,y
1922,1700.0,Saroj Fabrics Online,Raw Silk 100gm,Plain bright red raw silk,https://cdn.shopify.com/s/files/1/0096/8264/9145/products/IMG_1254.jpg?v=1542766241,1.0,./images/ask_devi_images_1922.jpg,y
1928,1703.0,Saroj Fabrics Online,Raw Silk 100gm,Plain nude neutral raw silk,https://cdn.shopify.com/s/files/1/0096/8264/9145/products/IMG_1251.jpg?v=1542766069,1.0,./images/ask_devi_images_1928.jpg,y
1934,1706.0,Saroj Fabrics Online,Pure Georgette 60gm,Plain light peach orange georgette,https://cdn.shopify.com/s/files/1/0096/8264/9145/products/IMG_1463.jpg?v=1542629360,1.0,./images/ask_devi_images_1934.jpg,y
1940,1709.0,Saroj Fabrics Online,Pure Georgette 60gm,Plain dark green georgette,https://cdn.shopify.com/s/files/1/0096/8264/9145/products/IMG_1460.jpg?v=1542629262,1.0,./images/ask_devi_images_1940.jpg,y
1946,1712.0,Saroj Fabrics Online,Pure Georgette 60gm,Plain royal blue  georgette,https://cdn.shopify.com/s/files/1/0096/8264/9145/products/IMG_1457.jpg?v=1542629175,1.0,./images/ask_devi_images_1946.jpg,y
1952,1715.0,Saroj Fabrics Online,Pure Georgette 60gm,Plain mustard yellow  georgette,https://cdn.shopify.com/s/files/1/0096/8264/9145/products/IMG_1454.jpg?v=1542629095,1.0,./images/ask_devi_images_1952.jpg,y
1958,1718.0,Saroj Fabrics Online,Pure Georgette 60gm,Plain navy blue  georgette,https://cdn.shopify.com/s/files/1/0096/8264/9145/products/IMG_1451.jpg?v=1542628989,1.0,./images/ask_devi_images_1958.jpg,y
1964,1721.0,Saroj Fabrics Online,Pure Georgette 60gm,Plain parrot green  georgette,https://cdn.shopify.com/s/files/1/0096/8264/9145/products/IMG_1447.jpg?v=1542628898,1.0,./images/ask_devi_images_1964.jpg,y
1970,1724.0,Saroj Fabrics Online,Pure Georgette 60gm,Plain plum purple  georgette,https://cdn.shopify.com/s/files/1/0096/8264/9145/products/IMG_1440.jpg?v=1542628758,1.0,./images/ask_devi_images_1970.jpg,y
1976,1727.0,Saroj Fabrics Online,Pure Georgette 60gm,Plain old gold yellow  georgette,https://cdn.shopify.com/s/files/1/0096/8264/9145/products/IMG_1437.jpg?v=1542628705,1.0,./images/ask_devi_images_1976.jpg,y
1982,1730.0,Saroj Fabrics Online,Pure Georgette 60gm,Plain magenta pink  georgette,https://cdn.shopify.com/s/files/1/0096/8264/9145/products/IMG_1434.jpg?v=1542628540,1.0,./images/ask_devi_images_1982.jpg,y
1988,1733.0,Saroj Fabrics Online,Pure Georgette 60gm,Plain Salmon pink georgette,https://cdn.shopify.com/s/files/1/0096/8264/9145/products/IMG_1431.jpg?v=1542628325,1.0,./images/ask_devi_images_1988.jpg,y
1994,1736.0,Saroj Fabrics Online,Pure Georgette 60gm,Plain tomato red georgette,https://cdn.shopify.com/s/files/1/0096/8264/9145/products/IMG_1428.jpg?v=1542628221,1.0,./images/ask_devi_images_1994.jpg,y
2000,1739.0,Saroj Fabrics Online,Pure Georgette 60gm,Plain sea green georgette,https://cdn.shopify.com/s/files/1/0096/8264/9145/products/IMG_1425.jpg?v=1542628143,1.0,./images/ask_devi_images_2000.jpg,y
2006,1742.0,Saroj Fabrics Online,Pure Georgette 60gm,Plain berry pink georgette,https://cdn.shopify.com/s/files/1/0096/8264/9145/products/IMG_1422.jpg?v=1542628051,1.0,./images/ask_devi_images_2006.jpg,y
2012,1745.0,Saroj Fabrics Online,Pure Georgette 60gm,Plain bright pink georgette,https://cdn.shopify.com/s/files/1/0096/8264/9145/products/IMG_1419.jpg?v=1542627974,1.0,./images/ask_devi_images_2012.jpg,y
2018,1748.0,Saroj Fabrics Online,Pure Georgette 60gm,Plain bright orange georgette,https://cdn.shopify.com/s/files/1/0096/8264/9145/products/IMG_1416.jpg?v=1542629620,1.0,./images/ask_devi_images_2018.jpg,y
2024,1751.0,Saroj Fabrics Online,Pure Georgette 60gm,Plain blue grey georgette,https://cdn.shopify.com/s/files/1/0096/8264/9145/products/IMG_1413.jpg?v=1542629610,1.0,./images/ask_devi_images_2024.jpg,y
2030,1754.0,Saroj Fabrics Online,Pure Georgette 60gm,Plain peach orange georgette,https://cdn.shopify.com/s/files/1/0096/8264/9145/products/IMG_1410.jpg?v=1542629600,1.0,./images/ask_devi_images_2030.jpg,y
2036,1757.0,Saroj Fabrics Online,Pure Georgette 60gm,Plain pastel peach orange georgette,https://cdn.shopify.com/s/files/1/0096/8264/9145/products/IMG_1407.jpg?v=1542629589,1.0,./images/ask_devi_images_2036.jpg,y
2042,1760.0,Saroj Fabrics Online,Pure Georgette 60gm,Plain sunset orange georgette ,https://cdn.shopify.com/s/files/1/0096/8264/9145/products/IMG_1404.jpg?v=1542625196,1.0,./images/ask_devi_images_2042.jpg,y
2048,1763.0,Saroj Fabrics Online,Pure Georgette 60gm,Plain blood red georgette,https://cdn.shopify.com/s/files/1/0096/8264/9145/products/IMG_1401.jpg?v=1542625393,1.0,./images/ask_devi_images_2048.jpg,y
2054,1766.0,Saroj Fabrics Online,Pure Crepe 60,Plain lemon yellow crepe,https://cdn.shopify.com/s/files/1/0096/8264/9145/products/IMG_1529.jpg?v=1542623953,1.0,./images/ask_devi_images_2054.jpg,y
2060,1769.0,Saroj Fabrics Online,Pure Crepe 60,Plain parrot green crepe,https://cdn.shopify.com/s/files/1/0096/8264/9145/products/IMG_1524.jpg?v=1542621653,1.0,./images/ask_devi_images_2060.jpg,y
2066,1772.0,Saroj Fabrics Online,Pure Crepe 60,Plain bright pink crepe,https://cdn.shopify.com/s/files/1/0096/8264/9145/products/IMG_1521.jpg?v=1542623967,1.0,./images/ask_devi_images_2066.jpg,y
2072,1775.0,Saroj Fabrics Online,Pure Crepe 60,Plain sea green crepe,https://cdn.shopify.com/s/files/1/0096/8264/9145/products/IMG_1518.jpg?v=1542623977,1.0,./images/ask_devi_images_2072.jpg,y
2078,1778.0,Saroj Fabrics Online,Pure Crepe 60,Plain sunset orange crepe,https://cdn.shopify.com/s/files/1/0096/8264/9145/products/IMG_1509.jpg?v=1542623986,1.0,./images/ask_devi_images_2078.jpg,y
2084,1781.0,Saroj Fabrics Online,Pure Crepe 60,Plain mustard yellow crepe,https://cdn.shopify.com/s/files/1/0096/8264/9145/products/IMG_1506.jpg?v=1542624012,1.0,./images/ask_devi_images_2084.jpg,y
2090,1784.0,Saroj Fabrics Online,Pure Crepe 60,Plain navy blue crepe,https://cdn.shopify.com/s/files/1/0096/8264/9145/products/IMG_1503.jpg?v=1542624020,1.0,./images/ask_devi_images_2090.jpg,y
2096,1787.0,Saroj Fabrics Online,Pure Crepe 60,Plain magenta pink crepe,https://cdn.shopify.com/s/files/1/0096/8264/9145/products/IMG_1500.jpg?v=1542624029,1.0,./images/ask_devi_images_2096.jpg,y
2102,1790.0,Saroj Fabrics Online,Pure Crepe 60,Plain peach orange crepe,https://cdn.shopify.com/s/files/1/0096/8264/9145/products/IMG_1497.jpg?v=1542624038,1.0,./images/ask_devi_images_2102.jpg,y
2108,1793.0,Saroj Fabrics Online,Pure Crepe 60,Plain royal blue crepe,https://cdn.shopify.com/s/files/1/0096/8264/9145/products/IMG_1494.jpg?v=1542624046,1.0,./images/ask_devi_images_2108.jpg,y
2114,1796.0,Saroj Fabrics Online,Pure Crepe 60,Plain cream yellow crepe,https://cdn.shopify.com/s/files/1/0096/8264/9145/products/IMG_1491.jpg?v=1542624081,1.0,./images/ask_devi_images_2114.jpg,y
2120,1799.0,Saroj Fabrics Online,Pure Crepe 60,Plain dark yellow crepe,https://cdn.shopify.com/s/files/1/0096/8264/9145/products/IMG_1488.jpg?v=1542624092,1.0,./images/ask_devi_images_2120.jpg,y
2126,1802.0,Saroj Fabrics Online,Pure Crepe 60,Plain aqua blue crepe,https://cdn.shopify.com/s/files/1/0096/8264/9145/products/IMG_1482.jpg?v=1542624104,1.0,./images/ask_devi_images_2126.jpg,y
2132,1805.0,Saroj Fabrics Online,Pure Crepe 60,plain blood red crepe,https://cdn.shopify.com/s/files/1/0096/8264/9145/products/IMG_1479.jpg?v=1542624116,1.0,./images/ask_devi_images_2132.jpg,y
2138,1808.0,Saroj Fabrics Online,Pure Crepe 60,Plain pastel peach crepe,https://cdn.shopify.com/s/files/1/0096/8264/9145/products/IMG_1476.jpg?v=1542624124,1.0,./images/ask_devi_images_2138.jpg,y
2144,1811.0,Saroj Fabrics Online,Pure Crepe 60,Plain nude rose gold crepe,https://cdn.shopify.com/s/files/1/0096/8264/9145/products/IMG_1473.jpg?v=1542624152,1.0,./images/ask_devi_images_2144.jpg,y
2150,1814.0,Saroj Fabrics Online,Pure Crepe 60,Plain coral pink crepe,https://cdn.shopify.com/s/files/1/0096/8264/9145/products/IMG_1470.jpg?v=1542624161,1.0,./images/ask_devi_images_2150.jpg,y
2156,1817.0,Saroj Fabrics Online,Pure Crepe 60,Plain sea green crepe,https://cdn.shopify.com/s/files/1/0096/8264/9145/products/IMG_1467.jpg?v=1542624171,1.0,./images/ask_devi_images_2156.jpg,y
2174,1844.0,Saroj Fabrics,Chanderi Printed,Beige neutral Chanderi silk with maganeta geometric pattern prints,https://cdn.shopify.com/s/files/1/0096/8264/9145/products/IMG_9511.jpg?v=1540812747,1.0,./images/ask_devi_images_2174.jpg,y
